Company,Correlation
raizen,1.0
ecopetrol,0.8229710147325672
vista_energy,0.7734388327105777
braskem,0.2889528860266907
cemig,0.18921967562071093
pampa_energia,-0.05291486439912421
petrobras,-0.35674383260731757
vale,-0.6519746142042677
geb,-0.7186126574980499
companhia_siderurgica_nacional,-0.9088934010706683
aes_andes,-1.0
enel_chile,
copel,
companhia_paranaense_de_energia,
ypf,
light,
