Company,Correlation
raizen,1.0
aes_andes,0.7388704640603281
vista_energy,0.730423813701396
cemig,0.18921967562071093
braskem,0.07493506762251713
pampa_energia,-0.21887482206113312
vale,-0.3189770816744614
companhia_siderurgica_nacional,-0.5648780848777202
petrobras,-0.570802313403777
geb,-1.0
ecopetrol,-1.0
ypf,
enel_chile,
companhia_paranaense_de_energia,
copel,
